url,start,name
http://www.meetup.com/SFDUG-San-Francisco-Drupal-Users-group/events/106835812/,2013-10-14T18:00:00-07:00,"SFDUG - What's the deal with Backdrop CMS, the fork of Drupal?"
http://www.meetup.com/SFDUG-San-Francisco-Drupal-Users-group/events/148789182/,2014-05-12T18:00:00-07:00,Don't Let Crappy Content Ruin Your New Site
http://www.meetup.com/SFDUG-San-Francisco-Drupal-Users-group/events/148825212/,2014-09-09T18:00:00-07:00,SFDUG - Drupal Performance Monitoring
http://www.meetup.com/SFDUG-San-Francisco-Drupal-Users-group/events/165763362/,2014-08-18T18:00:00-07:00,SFDUG - Headless Drupal and Drupal's Destiny
http://www.meetup.com/SFDUG-San-Francisco-Drupal-Users-group/events/198196982/,2014-10-13T18:00:00-07:00,SFDUG - Site Audit Module
http://www.meetup.com/SFDUG-San-Francisco-Drupal-Users-group/events/219043096/,2015-01-12T18:00:00-08:00,SFDUG - Drupal Lightning Talks
http://www.meetup.com/SFDUG-San-Francisco-Drupal-Users-group/events/220176815/,2015-03-09T18:00:00-07:00,SFDUG - Drupal 8 Theming
http://www.meetup.com/SFDUG-San-Francisco-Drupal-Users-group/events/220176866/,2015-04-13T18:00:00-07:00,SFDUG - Speeding up Drupal 8 Development Using Drupal Console
http://www.meetup.com/SFDUG-San-Francisco-Drupal-Users-group/events/221408853/,2015-05-05T18:00:00-07:00,SFDUG - Alex Pott and Drupal 8's Configuration Management System
http://www.meetup.com/SFDUG-San-Francisco-Drupal-Users-group/events/228349630/,2016-02-09T18:30:00-08:00,SFDUG - Client Side Panels
http://www.meetup.com/SFDUG-San-Francisco-Drupal-Users-group/events/228924261/,2016-03-16T18:00:00-07:00,SFDUG: Building Faster Drupal Sites
https://www.meetup.com/SFDUG-San-Francisco-Drupal-Users-group/events/240973833/,2017-07-11T18:30:00-07:00,Governing outliers in a Drupal multisite Ecosystem
https://www.meetup.com/SFDUG-San-Francisco-Drupal-Users-group/events/259409252/,2019-08-08T17:30:00-07:00,Composer in Core Initiative: What it will mean for you
https://www.meetup.com/SFDUG-San-Francisco-Drupal-Users-group/events/261629117/,2019-12-12T17:30:00-08:00,SFDUG - December 2019 Meetup - Your Code is Terrible!
https://www.meetup.com/SFDUG-San-Francisco-Drupal-Users-group/events/262581764/,2019-07-25T17:30:00-07:00,Going beyond sessions and pageviews: How analytics can demonstrate real value
https://www.meetup.com/SFDUG-San-Francisco-Drupal-Users-group/events/267627449/,2020-03-12T17:30:00-07:00,SFDUG - March 2020 Meetup - Moving from Drupal 7 to Backdrop CMS 
https://www.meetup.com/SFDUG-San-Francisco-Drupal-Users-group/events/268127337/,2020-02-13T17:30:00-08:00,SFDUG - February 2020 Meetup - Accessible Media
https://www.meetup.com/SFDUG-San-Francisco-Drupal-Users-group/events/268711073/,2020-04-09T17:30:00-07:00,SFDUG - April 2020 - Layout Builder components can break your site. Here's how.
https://www.meetup.com/SFDUG-San-Francisco-Drupal-Users-group/events/269161788,2020-07-09T17:30:00-07:00,"SFDUG - July 9, 2020 - Customizing Contests with Voting API"
https://www.meetup.com/SFDUG-San-Francisco-Drupal-Users-group/events/269890765/,2020-05-14T17:30:00-07:00,"SFDUG - May 14, 2020 - How to make your site last 5 years (possibly more)"
https://www.meetup.com/SFDUG-San-Francisco-Drupal-Users-group/events/269918524/,2020-04-23T15:30:00-07:00,"SFDUG - April 23, 2020 - Virtual Happy Hour and Drupal Help Desk"
https://www.meetup.com/SFDUG-San-Francisco-Drupal-Users-group/events/270297769,2020-05-28T15:30:00-07:00,"SFDUG - May 28, 2020 - Choose Your Own Drupal Adventure"
https://www.meetup.com/SFDUG-San-Francisco-Drupal-Users-group/events/270297907/,2020-06-11T17:30:00-07:00,"SFDUG - June 11, 2020 - Drupal 8 and 9 Migrations by Example"
https://www.meetup.com/SFDUG-San-Francisco-Drupal-Users-group/events/270298015/,2020-06-25T15:30:00-07:00,"SFDUG - June 25 - Lando for Contrib / LLC, Corporation or Sole Prop/Partnership"
https://www.meetup.com/SFDUG-San-Francisco-Drupal-Users-group/events/271012488/,2020-07-23T15:30:00-07:00,SFDUG - July 23 - Getting Started With Layout Builder for Drupal 8
https://www.meetup.com/SFDUG-San-Francisco-Drupal-Users-group/events/271552498/,2020-08-13T17:30:00-07:00,"SFDUG - August 13, 2020 - Static Analysis for your Drupal modules with CI"
https://www.meetup.com/SFDUG-San-Francisco-Drupal-Users-group/events/272101832/,2020-09-24T15:30:00-07:00,SFDUG - Sept 24 - Taking Maximum Advantage of Drupal Core's Composer Template
https://www.meetup.com/SFDUG-San-Francisco-Drupal-Users-group/events/272124048/,2020-08-27T15:30:00-07:00,SFDUG - Aug 27 - Live Captioning: Make your next event accessible for everyone
https://www.meetup.com/SFDUG-San-Francisco-Drupal-Users-group/events/272133242/,2020-09-10T17:30:00-07:00,"SFDUG - Sept 10, 2020 - Best practices for Integrating components with Drupal"
https://www.meetup.com/SFDUG-San-Francisco-Drupal-Users-group/events/272504873/,2020-10-29T15:30:00-07:00,SFDUG - Oct 29 - Freelancing for Drupal: A How-to Guide to Success
https://www.meetup.com/SFDUG-San-Francisco-Drupal-Users-group/events/273297573/,2020-10-08T17:30:00-07:00,"SFDUG - October 8, 2020 - Solr in Drupal 8/9: a real live example"
https://www.meetup.com/SFDUG-San-Francisco-Drupal-Users-group/events/273459699/,2020-11-12T17:30:00-08:00,SFDUG - Nov 12 - Responsive Images Demystified
https://www.meetup.com/SFDUG-San-Francisco-Drupal-Users-group/events/274262449/,2020-12-10T15:30:00-08:00,"SFDUG - December 10, 2020 - Virtual Year End Happy Hour"
https://www.meetup.com/SFDUG-San-Francisco-Drupal-Users-group/events/274576627/,2021-01-14T17:30:00-08:00,"SFDUG - Jan 14, 2021 - Drupal Recipes"
https://www.meetup.com/SFDUG-San-Francisco-Drupal-Users-group/events/274952531/,2021-01-21T15:30:00-08:00,SFDUG - Jan 21 -  Introduction to Tailwind CSS
https://www.meetup.com/SFDUG-San-Francisco-Drupal-Users-group/events/274952593/,2021-02-25T15:30:00-08:00,Getting Started with the Default Content Module for Drupal 8 & 9
https://www.meetup.com/SFDUG-San-Francisco-Drupal-Users-group/events/275127178/,2021-01-28T15:30:00-08:00,Drupal Global Contrib Weekend - Introduction to issue forks and merge requests
https://www.meetup.com/SFDUG-San-Francisco-Drupal-Users-group/events/275200206/,2021-03-11T17:30:00-08:00,Be a Smarter Drupal Super Hero!  - Choosing your Coding Charity-Cases Wisely...
https://www.meetup.com/SFDUG-San-Francisco-Drupal-Users-group/events/275331393/,2021-02-11T17:30:00-08:00,Leveraging Accessibility and Usability to Serve Truly Diverse Audiences
https://www.meetup.com/SFDUG-San-Francisco-Drupal-Users-group/events/275603783/,2021-03-25T15:30:00-07:00,SFDUG - March 25 -  Boosting Layout Builder Under the Hood
https://www.meetup.com/SFDUG-San-Francisco-Drupal-Users-group/events/275732532/,2021-05-13T17:30:00-07:00,SFDUG - May 13 - Building a High Availability Environment for Drupal with Azure
https://www.meetup.com/SFDUG-San-Francisco-Drupal-Users-group/events/276759123/,2021-04-08T16:30:00-07:00,SFDUG - Practice your DrupalCon Talk!!
https://www.meetup.com/SFDUG-San-Francisco-Drupal-Users-group/events/277160289/,2021-04-22T15:30:00-07:00,"SFDUG - April 22, 2021 - Virtual DrupalCon Happy Hour"
https://www.meetup.com/SFDUG-San-Francisco-Drupal-Users-group/events/277758377/,2021-05-27T15:30:00-07:00,"SFDUG - May  27, 2021 - ddev-gitpod a full dev environment in your browser"
https://www.meetup.com/SFDUG-San-Francisco-Drupal-Users-group/events/277964323/,2021-05-26T14:00:00-07:00,Speaker Diversity Workshop
https://www.meetup.com/SFDUG-San-Francisco-Drupal-Users-group/events/278258923/,2021-07-22T15:30:00-07:00,"SFDUG - July 22, 2021 - Understanding React.js"
https://www.meetup.com/SFDUG-San-Francisco-Drupal-Users-group/events/278258987/,2021-08-12T17:30:00-07:00,"SFDUG - Aug 12, 2021 - Drupal development workflow on AWS"
https://www.meetup.com/SFDUG-San-Francisco-Drupal-Users-group/events/279870387/,2021-10-14T17:30:00-07:00,"SFDUG - Oct 14 - Accessible Slideshows - Button, button, who's got the button?"
https://www.meetup.com/SFDUG-San-Francisco-Drupal-Users-group/events/280085810/,2021-11-11T17:30:00-08:00,"Nov 11 - Designing 'With' & Not 'For,' rootid's Evolving Project Process Journey"
https://www.meetup.com/SFDUG-San-Francisco-Drupal-Users-group/events/281379124,2021-12-09T17:30:00-08:00,SFDUG - Dec 9 - Stupendous Date Tricks
https://www.meetup.com/SFDUG-San-Francisco-Drupal-Users-group/events/281797838/,2022-01-13T17:30:00-08:00,SFDUG - Jan 13 - ECA (Event Condition Action): New rules engine for Drupal 9+
https://www.meetup.com/SFDUG-San-Francisco-Drupal-Users-group/events/281998341/,2021-12-01T15:30:00-08:00,SFDUG - Dec 1 - Gift of Open Source AMA
https://www.meetup.com/SFDUG-San-Francisco-Drupal-Users-group/events/282897671/,2022-02-10T17:30:00-08:00,SFDUG - Feb 10 - DevOps for frontend developers 
https://www.meetup.com/SFDUG-San-Francisco-Drupal-Users-group/events/282897728/,2022-03-10T17:30:00-08:00,SFDUG - March 10 - Tighten up your Drupal code using PHPStan
https://www.meetup.com/SFDUG-San-Francisco-Drupal-Users-group/events/285014726/,2022-04-14T17:30:00-07:00,SFDUG - April 14 - Captchas and other gotchas & Fun with custom source plugins
https://www.meetup.com/SFDUG-San-Francisco-Drupal-Users-group/events/285731865/,2022-05-12T17:30:00-07:00,SFDUG: DrupalCon Recap and Round-table Discussion
https://www.meetup.com/SFDUG-San-Francisco-Drupal-Users-group/events/286121046/,2022-06-09T17:30:00-07:00,SFDUG: The Importance of Retention: Moving from Drupal 6/7/8 to Drupal 9/10
https://www.meetup.com/SFDUG-San-Francisco-Drupal-Users-group/events/jhskqpyzgbpb/,2019-04-18T17:30:00-07:00,DrupalCon Seattle Retrospective
https://www.meetup.com/SFDUG-San-Francisco-Drupal-Users-group/events/pfzbqqyzmbqb/,2019-09-12T17:30:00-07:00,Start Using the Emerging Layout Builder Ecosystem
https://www.meetup.com/sfdug-san-francisco-drupal-users-group/events/286639196/,2022-07-14T17:30:00-07:00,SFDUG: Drupal Views by Example
https://www.meetup.com/sfdug-san-francisco-drupal-users-group/events/287210107/,2022-08-11T17:30:00-07:00,SFDUG: Speaker Workshop
https://www.meetup.com/sfdug-san-francisco-drupal-users-group/events/287316995/,2022-09-08T17:30:00-07:00,SFDUG - Optimize your images to make your site load faster
https://www.meetup.com/sfdug-san-francisco-drupal-users-group/events/287576628/,2022-11-10T17:30:00-08:00,SFDUG - An Update on WCAG 3.0
https://www.meetup.com/sfdug-san-francisco-drupal-users-group/events/289819315/,2022-12-08T17:30:00-08:00,"SFDUG - D9 Localization Server Upgrade Initiative, w/Nicolas Loye & Marine Gandy"
https://www.meetup.com/sfdug-san-francisco-drupal-users-group/events/290449578/,2023-01-12T17:30:00-08:00,"SFDUG - Drupal Year in Review, An Informal Group Discussion"
https://www.meetup.com/sfdug-san-francisco-drupal-users-group/events/291492129/,2023-03-09T17:30:00-08:00,SFDUG - Viewsapalooza: Our Favorite Drupal Views Tools & Tricks
